0,email0@email.com,password0,First0 Last0,True,0,0Address Street
1,email1@email.com,password1,First1 Last1,False,0,1Address Street
2,email2@email.com,password2,First2 Last2,True,0,2Address Street
3,email3@email.com,password3,First3 Last3,False,0,3Address Street
4,email4@email.com,password4,First4 Last4,True,0,4Address Street
5,email5@email.com,password5,First5 Last5,False,0,5Address Street
6,email6@email.com,password6,First6 Last6,True,0,6Address Street
7,email7@email.com,password7,First7 Last7,False,0,7Address Street
8,email8@email.com,password8,First8 Last8,True,0,8Address Street
9,email9@email.com,password9,First9 Last9,False,0,9Address Street
10,email10@email.com,password10,First10 Last10,True,0,10Address Street
11,email11@email.com,password11,First11 Last11,False,0,11Address Street
12,email12@email.com,password12,First12 Last12,True,0,12Address Street
13,email13@email.com,password13,First13 Last13,False,0,13Address Street
14,email14@email.com,password14,First14 Last14,True,0,14Address Street
15,email15@email.com,password15,First15 Last15,False,0,15Address Street
16,email16@email.com,password16,First16 Last16,True,0,16Address Street
17,email17@email.com,password17,First17 Last17,False,0,17Address Street
18,email18@email.com,password18,First18 Last18,True,0,18Address Street
19,email19@email.com,password19,First19 Last19,False,0,19Address Street
20,email20@email.com,password20,First20 Last20,True,0,20Address Street
21,email21@email.com,password21,First21 Last21,False,0,21Address Street
22,email22@email.com,password22,First22 Last22,True,0,22Address Street
23,email23@email.com,password23,First23 Last23,False,0,23Address Street
24,email24@email.com,password24,First24 Last24,True,0,24Address Street
25,email25@email.com,password25,First25 Last25,False,0,25Address Street
26,email26@email.com,password26,First26 Last26,True,0,26Address Street
27,email27@email.com,password27,First27 Last27,False,0,27Address Street
28,email28@email.com,password28,First28 Last28,True,0,28Address Street
29,email29@email.com,password29,First29 Last29,False,0,29Address Street
30,email30@email.com,password30,First30 Last30,True,0,30Address Street
31,email31@email.com,password31,First31 Last31,False,0,31Address Street
32,email32@email.com,password32,First32 Last32,True,0,32Address Street
33,email33@email.com,password33,First33 Last33,False,0,33Address Street
34,email34@email.com,password34,First34 Last34,True,0,34Address Street
35,email35@email.com,password35,First35 Last35,False,0,35Address Street
36,email36@email.com,password36,First36 Last36,True,0,36Address Street
37,email37@email.com,password37,First37 Last37,False,0,37Address Street
38,email38@email.com,password38,First38 Last38,True,0,38Address Street
39,email39@email.com,password39,First39 Last39,False,0,39Address Street
40,email40@email.com,password40,First40 Last40,True,0,40Address Street
41,email41@email.com,password41,First41 Last41,False,0,41Address Street
42,email42@email.com,password42,First42 Last42,True,0,42Address Street
43,email43@email.com,password43,First43 Last43,False,0,43Address Street
44,email44@email.com,password44,First44 Last44,True,0,44Address Street
45,email45@email.com,password45,First45 Last45,False,0,45Address Street
46,email46@email.com,password46,First46 Last46,True,0,46Address Street
47,email47@email.com,password47,First47 Last47,False,0,47Address Street
48,email48@email.com,password48,First48 Last48,True,0,48Address Street
49,email49@email.com,password49,First49 Last49,False,0,49Address Street
50,email50@email.com,password50,First50 Last50,True,0,50Address Street
51,email51@email.com,password51,First51 Last51,False,0,51Address Street
52,email52@email.com,password52,First52 Last52,True,0,52Address Street
53,email53@email.com,password53,First53 Last53,False,0,53Address Street
54,email54@email.com,password54,First54 Last54,True,0,54Address Street
55,email55@email.com,password55,First55 Last55,False,0,55Address Street
56,email56@email.com,password56,First56 Last56,True,0,56Address Street
57,email57@email.com,password57,First57 Last57,False,0,57Address Street
58,email58@email.com,password58,First58 Last58,True,0,58Address Street
59,email59@email.com,password59,First59 Last59,False,0,59Address Street
60,email60@email.com,password60,First60 Last60,True,0,60Address Street
61,email61@email.com,password61,First61 Last61,False,0,61Address Street
62,email62@email.com,password62,First62 Last62,True,0,62Address Street
63,email63@email.com,password63,First63 Last63,False,0,63Address Street
64,email64@email.com,password64,First64 Last64,True,0,64Address Street
65,email65@email.com,password65,First65 Last65,False,0,65Address Street
66,email66@email.com,password66,First66 Last66,True,0,66Address Street
67,email67@email.com,password67,First67 Last67,False,0,67Address Street
68,email68@email.com,password68,First68 Last68,True,0,68Address Street
69,email69@email.com,password69,First69 Last69,False,0,69Address Street
70,email70@email.com,password70,First70 Last70,True,0,70Address Street
71,email71@email.com,password71,First71 Last71,False,0,71Address Street
72,email72@email.com,password72,First72 Last72,True,0,72Address Street
73,email73@email.com,password73,First73 Last73,False,0,73Address Street
74,email74@email.com,password74,First74 Last74,True,0,74Address Street
75,email75@email.com,password75,First75 Last75,False,0,75Address Street
76,email76@email.com,password76,First76 Last76,True,0,76Address Street
77,email77@email.com,password77,First77 Last77,False,0,77Address Street
78,email78@email.com,password78,First78 Last78,True,0,78Address Street
79,email79@email.com,password79,First79 Last79,False,0,79Address Street
80,email80@email.com,password80,First80 Last80,True,0,80Address Street
81,email81@email.com,password81,First81 Last81,False,0,81Address Street
82,email82@email.com,password82,First82 Last82,True,0,82Address Street
83,email83@email.com,password83,First83 Last83,False,0,83Address Street
84,email84@email.com,password84,First84 Last84,True,0,84Address Street
85,email85@email.com,password85,First85 Last85,False,0,85Address Street
86,email86@email.com,password86,First86 Last86,True,0,86Address Street
87,email87@email.com,password87,First87 Last87,False,0,87Address Street
88,email88@email.com,password88,First88 Last88,True,0,88Address Street
89,email89@email.com,password89,First89 Last89,False,0,89Address Street
90,email90@email.com,password90,First90 Last90,True,0,90Address Street
91,email91@email.com,password91,First91 Last91,False,0,91Address Street
92,email92@email.com,password92,First92 Last92,True,0,92Address Street
93,email93@email.com,password93,First93 Last93,False,0,93Address Street
94,email94@email.com,password94,First94 Last94,True,0,94Address Street
95,email95@email.com,password95,First95 Last95,False,0,95Address Street
96,email96@email.com,password96,First96 Last96,True,0,96Address Street
97,email97@email.com,password97,First97 Last97,False,0,97Address Street
98,email98@email.com,password98,First98 Last98,True,0,98Address Street
99,email99@email.com,password99,First99 Last99,False,0,99Address Street
